longitude	latitude	code	revision	station	location
126.835	37.65639	KR	11/24/2021, 00:00:00	Goyang-si	Asia/Seoul
71.67164	30.29184	PK	27 Sep 2017	Qadirpur Ran	Asia/Karachi
3.87723	43.61092	FR	2021/09/21	Montpellier	Europe/Paris
-58.70072	-34.74785	AR	2019/11/16	Pontevedra	America/Argentina/Buenos_Aires
139.6853	35.815	JP	2024-04-21	Shimotoda	Asia/Tokyo
-73.75335	45.4473	CA	01/07/2024, 00:00:00	Dorval	America/Toronto
-122.24064	47.80527	US	2016-08-12	Bothell West	America/Los_Angeles
-74.96933	39.71734	US	2025/06/15	Sicklerville	America/New_York
33.2525	57.97472	RU	2021/12/03	Valday	Europe/Moscow
83.97573	21.46527	IN	04/16/2017, 00:00:00	Sambalpur	Asia/Kolkata
32.88667	3.27833	UG	28 Jul 2016	Kitgum	Africa/Kampala
-3.59625	5.27247	CI	2016/08/31	Bonoua	Africa/Abidjan
4.52514	12.74482	NG	2025/03/17	Argungu	Africa/Lagos
-15.6	13.56667	GM	2024-08-25	Farafenni	Africa/Banjul
89.20083	55.54028	RU	13 Oct 2017	Sharypovo	Asia/Krasnoyarsk
-119.27337	50.26729	CA	21 May 2021	Vernon	America/Vancouver
-122.2608	38.17492	US	2017-10-03	American Canyon	America/Los_Angeles
13.610242	50.598427	CZ	04/28/2017, 00:00:00	Litvínov	Europe/Prague
36.25361	47.48444	UA	02/11/2024, 00:00:00	Polohy	Europe/Zaporozhye
7.20769	50.80019	DE	18 Sep 2016	Siegburg	Europe/Berlin
-1.4001	7.06273	GH	2023/03/30	Mampong	Africa/Accra
10.18003	24.96334	LY	01/23/2025, 00:00:00	Ghat	Africa/Tripoli
-84.13722	9.92787	CR	2017-08-26	San Rafael	America/Costa_Rica
8.61839	49.68369	DE	07/27/2019, 00:00:00	Bensheim	Europe/Berlin
71.30633	21.34222	IN	2025-04-01	Kundla	Asia/Kolkata
12.19458	10.61285	NG	2021-09-19	Biu	Africa/Lagos
43.83992	55.39485	RU	04/07/2022, 00:00:00	Arzamas	Europe/Moscow
35.59642	3.11988	KE	10/01/2022, 00:00:00	Lodwar	Africa/Nairobi
106.92667	-6.91806	ID	2017-07-21	Sukabumi	Asia/Jakarta
-43.80139	-20.25333	BR	08/30/2019, 00:00:00	Itabirito	America/Sao_Paulo
11.34046	50.72043	DE	2024/08/03	Rudolstadt	Europe/Berlin
136.13108	34.75856	JP	17 Aug 2022	Ueno-ebisumachi	Asia/Tokyo
86.59611	25.87498	IN	08/26/2023, 00:00:00	Saharsa	Asia/Kolkata
69.67639	41.29444	UZ	11/27/2023, 00:00:00	Parkent	Asia/Tashkent
6.76111	53.16167	NL	2025/07/04	Hoogezand	Europe/Amsterdam
110.8405	-6.8048	ID	2022-02-18	Kudus	Asia/Jakarta
-35.71667	-8.66667	BR	2018/12/05	Catende	America/Recife
-80.66756	26.68451	US	2024-09-24	Belle Glade	America/New_York
-82.32483	29.65163	US	08/25/2017, 00:00:00	Gainesville	America/New_York
2.1699	48.98994	FR	01/06/2018, 00:00:00	Herblay	Europe/Paris
17.58522	40.53123	IT	06 Sep 2025	Francavilla Fontana	Europe/Rome
38.2739	46.7055	RU	09/06/2021, 00:00:00	Yeysk	Europe/Moscow
5.4584	43.32393	FR	15 Feb 2018	Les Olives	Europe/Paris
-75.11028	-15.21194	PE	2022-03-10	Minas de Marcona	America/Lima
91.61356	26.44931	IN	2016-09-09	Rangia	Asia/Kolkata
-95.44744	29.53885	US	2015-11-21	Fresno	America/Chicago
14.43865	40.87329	IT	24 Dec 2023	Somma Vesuviana	Europe/Rome
2.1699	48.98994	FR	2022/08/23	Herblay	Europe/Paris
9.72749	48.28259	DE	2016/07/11	Ehingen	Europe/Berlin
-0.59543	44.80477	FR	02/22/2020, 00:00:00	Talence	Europe/Paris
117.81667	36.81667	CN	2023/09/28	Zhoucun	Asia/Shanghai
17.4674	50.86079	PL	07 Oct 2018	Brzeg	Europe/Warsaw
-87.71255	41.84364	US	04/21/2020, 00:00:00	South Lawndale	America/Chicago
12.19458	10.61285	NG	06/22/2024, 00:00:00	Biu	Africa/Lagos
15.268654	49.952431	CZ	09 Jul 2017	Kutná Hora	Europe/Prague
-96.67834	34.77453	US	2018-05-14	Ada	America/Chicago
-85.43772	10.63504	CR	01/22/2023, 00:00:00	Liberia	America/Costa_Rica
99.89166	15.46063	TH	2019-02-26	Thap Than	Asia/Bangkok
59.4839	58.7002	RU	2019/04/26	Kachkanar	Asia/Yekaterinburg
125.21972	-8.99167	TL	2018-07-20	Maliana	Asia/Dili
7.60872	43.78956	IT	2019-10-02	Ventimiglia	Europe/Rome
27.06365	50.18545	UA	2023-11-22	Shepetivka	Europe/Kyiv
-117.71978	34.09668	US	22 Feb 2025	Claremont	America/Los_Angeles
84.13864	22.88783	IN	03/04/2025, 00:00:00	Jashpurnagar	Asia/Kolkata
51.3452	53.37596	RU	17 Nov 2021	Otradnyy	Europe/Samara
73.97117	31.96258	PK	2022-04-11	Naushahra Virkan	Asia/Karachi
-4.10734	38.68712	ES	25 Oct 2022	Puertollano	Europe/Madrid
-87.93341	42.55308	US	05 Jun 2017	Pleasant Prairie	America/Chicago
29.26639	37.58105	TR	24 Feb 2016	Serinhisar	Europe/Istanbul
2.95924	36.76775	DZ	11 Oct 2021	Cheraga	Africa/Algiers
-71.08977	41.9001	US	21 May 2020	Taunton	America/New_York
138.31667	36.65	JP	2024/07/29	Suzaka	Asia/Tokyo
43.38531	9.89206	SO	2017/10/02	Baki	Africa/Mogadishu
-1.325	38.47917	ES	04 Feb 2023	Jumilla	Europe/Madrid
30.28491	60.02427	RU	2024-03-13	Kolomyagi	Europe/Moscow
46.04833	51.40944	RU	10/26/2023, 00:00:00	Privolzhskiy	Europe/Saratov
-58.38341	-34.64966	AR	11/08/2021, 00:00:00	Barracas	America/Argentina/Buenos_Aires
60.70278	55.75556	RU	15 Dec 2018	Ozersk	Asia/Yekaterinburg
111.4834	65.93381	RU	07/27/2017, 00:00:00	Aykhal	Asia/Yakutsk
-34.88111	-8.05389	BR	2019/11/22	Recife	America/Recife
-41.25528	-19.32556	BR	2023-04-30	Resplendor	America/Sao_Paulo
126.835	37.65639	KR	2019-03-21	Goyang-si	Asia/Seoul
-3.52751	50.7236	GB	12/04/2024, 00:00:00	Exeter	Europe/London
-97.92977	38.06084	US	2024-12-19	Hutchinson	America/Chicago
-0.76667	53.38333	GB	08 Feb 2018	Gainsborough	Europe/London
34.4587	-13.7804	MW	2019-02-17	Salima	Africa/Blantyre
137.02166	35.48199	JP	2020/08/29	Minokamo	Asia/Tokyo
4.92235	7.65649	NG	07 Dec 2020	Efon-Alaaye	Africa/Lagos
-82.45426	27.09978	US	24 Mar 2025	Venice	America/New_York
100.24529	5.4709	MY	06 Nov 2018	Batu Feringgi	Asia/Kuala_Lumpur
2.59753	8.88649	BJ	10/14/2019, 00:00:00	Tchaourou	Africa/Porto-Novo
-73.81669	45.44868	CA	01 Mar 2021	Pointe-Claire	America/Toronto
123.50266	41.94175	CN	2021/07/15	Hushitai	Asia/Shanghai
-82.32483	29.65163	US	2019-10-18	Gainesville	America/New_York
103.81667	1.6	MY	28 May 2024	Ulu Tiram	Asia/Kuala_Lumpur
8.64409	48.07667	DE	14 Aug 2024	Trossingen	Europe/Berlin
103.65309	16.0567	TH	08/04/2021, 00:00:00	Roi Et	Asia/Bangkok
71.30633	21.34222	IN	2018-07-18	Kundla	Asia/Kolkata
75.37991	25.75728	IN	10 Oct 2017	Deoli	Asia/Kolkata
73.06784	25.13915	IN	22 Sep 2021	Sheoganj	Asia/Kolkata
-117.79394	33.76446	US	2017-01-18	North Tustin	America/Los_Angeles
-113.3187	53.51684	CA	2023-09-30	Sherwood Park	America/Edmonton
32.88667	3.27833	UG	08/10/2022, 00:00:00	Kitgum	Africa/Kampala
7.20769	50.80019	DE	21 Jul 2025	Siegburg	Europe/Berlin
117.33333	34.85	CN	2024/06/09	Taozhuang	Asia/Shanghai
103.81667	1.6	MY	01/02/2023, 00:00:00	Ulu Tiram	Asia/Kuala_Lumpur
12.16179	48.52961	DE	21 Sep 2019	Landshut	Europe/Berlin
-117.23991	47.64995	US	10 May 2023	Opportunity	America/Los_Angeles
73.85535	18.51957	IN	07/16/2023, 00:00:00	Pune	Asia/Kolkata
152.70493	-25.54073	AU	01/06/2022, 00:00:00	Maryborough	Australia/Brisbane
102.56365	13.65805	KH	04/21/2024, 00:00:00	Paoy Paet	Asia/Phnom_Penh
-88.64235	46.09273	US	02/16/2022, 00:00:00	Iron River	America/Menominee
8.91229	49.13645	DE	2025/01/12	Eppingen	Europe/Berlin
123.62494	12.37169	PH	26 May 2016	Masbate	Asia/Manila
120.57224	15.72892	PH	2016/10/22	Burgos	Asia/Manila
152.70493	-25.54073	AU	2019/07/16	Maryborough	Australia/Brisbane
10.5511	52.47774	DE	2020/03/31	Gifhorn	Europe/Berlin
113.69785	-7.73379	ID	2022/10/26	Besuki	Asia/Jakarta
-74.28459	40.5576	US	2019/06/11	Woodbridge	America/New_York
24.43973	0.76755	CD	2020-02-28	Yangambi	Africa/Lubumbashi
-93.08883	45.16024	US	2019/04/12	Lino Lakes	America/Chicago
16.43915	43.50891	HR	2019/08/11	Split	Europe/Zagreb
51.0193	35.6803	IR	09/26/2024, 00:00:00	Shahre Jadide Andisheh	Asia/Tehran
123.50266	41.94175	CN	2024/08/19	Hushitai	Asia/Shanghai
6.76111	53.16167	NL	18 Jul 2025	Hoogezand	Europe/Amsterdam
-75.87877	5.6561	CO	12/13/2016, 00:00:00	Andes	America/Bogota
-62.64102	8.35122	VE	2025-07-30	Ciudad Guayana	America/Caracas
119.58627	23.5654	TW	06/30/2018, 00:00:00	Magong	Asia/Taipei
9.5926	52.86147	DE	2023/09/23	Walsrode	Europe/Berlin
114.51667	33.78333	CN	2020-03-03	Wacheng	Asia/Shanghai
109.3243	-7.0981	ID	18 Oct 2023	Randudongkal	Asia/Jakarta
111.50861	32.54278	CN	2023/11/22	Danjiangkou	Asia/Shanghai
-73.25383	-3.74912	PE	2016/09/02	Iquitos	America/Lima
102.42587	15.58552	TH	02/22/2024, 00:00:00	Bua Yai	Asia/Bangkok
101.02083	4.02219	MY	14 May 2024	Teluk Intan	Asia/Kuala_Lumpur
101.02083	4.02219	MY	24 Feb 2019	Teluk Intan	Asia/Kuala_Lumpur
-6.03731	37.35813	ES	21 Apr 2018	San Juan de Aznalfarache	Europe/Madrid
-93.12577	44.73941	US	03 Oct 2017	Rosemount	America/Chicago
-7.95	53.43333	IE	04 Apr 2025	Athlone	Europe/Dublin
-4.83076	39.96348	ES	08 Nov 2024	Talavera de la Reina	Europe/Madrid
51.67462	32.65246	IR	16 Sep 2021	Isfahan	Asia/Tehran
-2.68758	53.69786	GB	04/20/2023, 00:00:00	Leyland	Europe/London
6.83042	6.15038	NG	2024/05/05	Nkpor	Africa/Lagos
23.225	43.4125	BG	2022/04/10	Montana	Europe/Sofia
-73.26022	6.46838	CO	2021-06-02	Socorro	America/Bogota
7.60872	43.78956	IT	2015/11/11	Ventimiglia	Europe/Rome
43.83992	55.39485	RU	2020/01/28	Arzamas	Europe/Moscow
98.19151	14.0823	MM	07 Nov 2018	Dawei	Asia/Yangon
-97.92977	38.06084	US	28 Dec 2017	Hutchinson	America/Chicago
43.63417	43.96222	RU	2018/06/19	Novopavlovsk	Europe/Moscow
141.95	39.46667	JP	09 Apr 2020	Yamada	Asia/Tokyo
78.40102	27.9247	IN	2017/09/28	Chharra	Asia/Kolkata
2.29026	48.77644	FR	2025/03/29	Sceaux	Europe/Paris
0.57856	40.70995	ES	2017/04/14	Amposta	Europe/Madrid
23.225	43.4125	BG	2020-11-07	Montana	Europe/Sofia
-81.56929	41.55838	US	01/09/2016, 00:00:00	Collinwood	America/New_York
-73.75335	45.4473	CA	10/16/2022, 00:00:00	Dorval	America/Toronto
42.85693	39.22493	TR	2022-01-04	Patnos	Europe/Istanbul
79.883	6.9909	LK	2016-03-09	Hendala	Asia/Colombo
10.30215	53.94313	DE	2020/11/25	Bad Segeberg	Europe/Berlin
34.37389	40.1675	TR	29 Aug 2021	Sungurlu	Europe/Istanbul
-1.47217	53.46506	GB	2016/05/04	Chapletown	Europe/London
-67.15407	18.42745	PR	2018/11/13	Aguadilla	America/Puerto_Rico
77.23826	11.50526	IN	03/04/2019, 00:00:00	Sathyamangalam	Asia/Kolkata
-95.36969	35.74788	US	04/25/2023, 00:00:00	Muskogee	America/Chicago
77.40858	24.05979	IN	01/31/2023, 00:00:00	Leteri	Asia/Kolkata
88.58	23.18	IN	2023-02-18	Aistala	Asia/Kolkata
86.51499	23.1959	IN	2024/05/02	Kenda	Asia/Kolkata
19.27498	50.20528	PL	12/10/2024, 00:00:00	Jaworzno	Europe/Warsaw
2.29275	48.79325	FR	09/22/2022, 00:00:00	Fontenay-aux-Roses	Europe/Paris
99.96667	8.43333	TH	2018/01/02	Nakhon Si Thammarat	Asia/Bangkok
-72.27814	42.93369	US	2025-07-01	Keene	America/New_York
-93.11308	16.75973	MX	06/19/2018, 00:00:00	Tuxtla	America/Mexico_City
53.26023	54.39304	RU	2024-03-19	Bavly	Europe/Moscow
-84.62081	42.7392	US	05 Feb 2024	Waverly	America/Detroit
117.33333	34.85	CN	08/17/2024, 00:00:00	Taozhuang	Asia/Shanghai
-95.44744	29.53885	US	09/17/2020, 00:00:00	Fresno	America/Chicago
-1.98956	5.30383	GH	2019-01-06	Tarkwa	Africa/Accra
68.49143	25.80565	PK	2018-12-08	Bhit Shah	Asia/Karachi
-111.90466	40.34912	US	06/15/2017, 00:00:00	Saratoga Springs	America/Denver
24.14662	65.84811	FI	23 Apr 2023	Tornio	Europe/Helsinki
73.85535	18.51957	IN	03/09/2025, 00:00:00	Pune	Asia/Kolkata
-41.88778	-21.205	BR	2021/04/04	Itaperuna	America/Sao_Paulo
-1.29772	50.76306	GB	2017/07/14	Cowes	Europe/London
114.33333	-8.43333	ID	2020/09/09	Muncar	Asia/Jakarta
15.006139	49.144482	CZ	09 Jan 2019	Jindřichův Hradec	Europe/Prague
35.34722	-23.85972	MZ	17 Jan 2018	Maxixe	Africa/Maputo
-79.62098	9.15093	PA	2022-09-05	Chilibre	America/Panama
77.70636	28.98002	IN	2022/08/19	Meerut	Asia/Kolkata
14.01481	42.67164	IT	2017/12/18	Roseto degli Abruzzi	Europe/Rome
-104.83192	39.72943	US	2015-11-30	Aurora	America/Denver
72.54064	31.82539	PK	2024/03/09	Sillanwali	Asia/Karachi
31.33078	47.56494	UA	2020-02-10	Voznesensk	Europe/Kyiv
-104.22884	32.42067	US	26 Aug 2016	Carlsbad	America/Denver
-93.11308	16.75973	MX	02/23/2018, 00:00:00	Tuxtla	America/Mexico_City
123.89071	10.31672	PH	2025-02-01	Cebu City	Asia/Manila
30.98551	2.41669	UG	2020-08-29	Paidha	Africa/Kampala
-73.9625	40.81	US	08/06/2025, 00:00:00	Morningside Heights	America/New_York
-0.59543	44.80477	FR	12/01/2016, 00:00:00	Talence	Europe/Paris
37.56667	55.85	RU	2021-01-08	Likhobory	Europe/Moscow
43.91385	54.03876	RU	2023/02/01	Kovylkino	Europe/Moscow
-66.8499	18.03496	PR	2025-07-15	Yauco	America/Puerto_Rico
-39.25	-12.91667	BR	2019-05-06	Muritiba	America/Bahia
8.70745	49.03685	DE	2016/10/21	Bretten	Europe/Berlin
-1.47217	53.46506	GB	04/17/2023, 00:00:00	Chapletown	Europe/London
5.51978	51.44889	NL	2024/12/02	Tongelre	Europe/Amsterdam
-96.72365	17.06542	MX	27 Oct 2015	Oaxaca	America/Mexico_City
-111.99633	40.65995	US	25 Oct 2019	Kearns	America/Denver
24.14662	65.84811	FI	08 Jul 2019	Tornio	Europe/Helsinki
71.52847	32.57756	PK	06/20/2024, 00:00:00	Mianwali	Asia/Karachi
2.18247	41.41204	ES	28 Aug 2019	el Camp de l'Arpa del Clot	Europe/Madrid
123.62494	12.37169	PH	07/13/2018, 00:00:00	Masbate	Asia/Manila
5.06258	7.50251	NG	10/13/2017, 00:00:00	Igbara-Odo	Africa/Lagos
-73.47429	40.68066	US	05/04/2022, 00:00:00	Massapequa	America/New_York
4.52529	50.71229	BE	2019/03/30	Rixensart	Europe/Brussels
-1.4001	7.06273	GH	09/20/2016, 00:00:00	Mampong	Africa/Accra
6.83042	6.15038	NG	12 Mar 2023	Nkpor	Africa/Lagos
37.73333	-4.06667	TZ	25 Sep 2015	Same	Africa/Dar_es_Salaam
-0.18333	38.96667	ES	2025/05/29	Gandia	Europe/Madrid
46.83187	14.53767	YE	2019/01/09	Ataq	Asia/Aden
5.74861	52.71083	NL	12/21/2022, 00:00:00	Emmeloord	Europe/Amsterdam
17.58522	40.53123	IT	07 Nov 2020	Francavilla Fontana	Europe/Rome
-88.70464	34.25807	US	07/23/2019, 00:00:00	Tupelo	America/Chicago
91.61356	26.44931	IN	01/16/2019, 00:00:00	Rangia	Asia/Kolkata
39.85331	57.30185	RU	05 Feb 2025	Gavrilov-Yam	Europe/Moscow
-73.86586	45.43341	CA	2019/07/28	Beaconsfield	America/Toronto
36.7138	35.95664	SY	30 Jun 2023	Binnish	Asia/Damascus
10.98461	48.35693	DE	2021/08/01	Friedberg	Europe/Berlin
29.24152	-26.93366	ZA	26 Sep 2024	Standerton	Africa/Johannesburg
43.38531	9.89206	SO	12/22/2023, 00:00:00	Baki	Africa/Mogadishu
29.91582	31.20176	EG	2019-03-28	Alexandria	Africa/Cairo
4.8951	44.92801	FR	2018-07-26	Valence	Europe/Paris
99.1625	3.3285	ID	2019/10/30	Tebingtinggi	Asia/Jakarta
-120.43572	34.95303	US	2021-06-15	Santa Maria	America/Los_Angeles
4.86667	45.51667	FR	08 May 2021	Vienne	Europe/Paris
-77.03116	3.8801	CO	2022/02/07	Buenaventura	America/Bogota
-105.36369	22.49396	MX	28 Jul 2025	Acaponeta	America/Mazatlan
47.1192	42.819	RU	2016/05/23	Buynaksk	Europe/Moscow
-0.76667	53.38333	GB	2025/08/12	Gainsborough	Europe/London
2.12213	48.8222	FR	2024/08/08	Le Chesnay	Europe/Paris
72.93924	18.87813	IN	2017-09-18	Uran	Asia/Kolkata
-73.58248	45.40008	CA	2023/01/13	Sainte-Catherine	America/Toronto
79.41727	12.25282	IN	2018/06/10	Gingee	Asia/Kolkata
-4.83076	39.96348	ES	2015/12/16	Talavera de la Reina	Europe/Madrid
35.90057	56.85836	RU	2019-02-12	Tver	Europe/Moscow
-73.0515	41.55815	US	02/18/2021, 00:00:00	Waterbury	America/New_York
122.05228	37.19723	CN	2022/01/09	Tianfu	Asia/Shanghai
-122.38731	45.53929	US	02 Jun 2025	Troutdale	America/Los_Angeles
72.54566	29.69221	PK	2020/03/05	Hasilpur	Asia/Karachi
130.57211	45.75279	CN	2021/04/16	Boli	Asia/Shanghai
-81.77285	28.54944	US	11/30/2020, 00:00:00	Clermont	America/New_York
-4.10734	38.68712	ES	06/30/2021, 00:00:00	Puertollano	Europe/Madrid
9.40531	45.53069	IT	07/16/2020, 00:00:00	Gorgonzola	Europe/Rome
8.63333	52.2	DE	2017/01/01	Kirchlengern	Europe/Berlin
85.4265	55.8736	RU	2020-05-10	Yashkino	Asia/Novokuznetsk
-84.62081	42.7392	US	2022-08-27	Waverly	America/Detroit
57.3552	51.4781	RU	2016/01/04	Kuvandyk	Asia/Yekaterinburg
68.21204	27.55898	PK	2024-02-19	Larkana	Asia/Karachi
1.53414	42.50729	AD	04/23/2024, 00:00:00	les Escaldes	Europe/Andorra
-37.65	-10.91722	BR	24 Jun 2018	Lagarto	America/Maceio
91.84128	22.83957	BD	2025-08-31	Manikchari	Asia/Dhaka
-88.31476	36.61033	US	23 May 2024	Murray	America/Chicago
-90.10674	29.84576	US	06/19/2023, 00:00:00	Estelle	America/Chicago
122.8637	9.3337	PH	2018-03-15	Santa Catalina	Asia/Manila
4.85668	36.27462	DZ	10 Dec 2015	Bordj Zemoura	Africa/Algiers
4.92235	7.65649	NG	2017-11-10	Efon-Alaaye	Africa/Lagos
-71.23106	-32.45242	CL	03/17/2025, 00:00:00	La Ligua	America/Santiago
-58.70072	-34.74785	AR	09/04/2021, 00:00:00	Pontevedra	America/Argentina/Buenos_Aires
106.85417	-6.48167	ID	2022-09-05	Cibinong	Asia/Jakarta
-73.97069	40.64621	US	2018/02/16	Kensington	America/New_York
137.5	34.9	JP	2025/07/24	Shinshiro	Asia/Tokyo
60.8019	56.9083	RU	04/21/2016, 00:00:00	Beryozovsky	Asia/Yekaterinburg
46.04833	51.40944	RU	09/20/2024, 00:00:00	Privolzhskiy	Europe/Saratov
-103.42897	20.28527	MX	2019-01-11	Jocotepec	America/Mexico_City
6.51352	51.19139	DE	05/14/2023, 00:00:00	Korschenbroich	Europe/Berlin
-74.01042	41.50343	US	2023/08/15	Newburgh	America/New_York
27.02444	39.59611	TR	07/14/2023, 00:00:00	Edremit	Europe/Istanbul
-119.01677	36.06523	US	2020/12/05	Porterville	America/Los_Angeles
71.52847	32.57756	PK	15 Oct 2016	Mianwali	Asia/Karachi
89.11943	23.9028	BD	11/06/2021, 00:00:00	Kushtia	Asia/Dhaka
15.87735	4.94273	CF	2019/04/19	Carnot	Africa/Bangui
6.51352	51.19139	DE	25 Mar 2016	Korschenbroich	Europe/Berlin
-86.58208	13.48082	NI	2017/03/21	Somoto	America/Managua
-95.63079	31.76212	US	07/06/2025, 00:00:00	Palestine	America/Chicago
84.87144	47.46657	KZ	18 Oct 2023	Zaysan	Asia/Almaty
-74.26419	4.73245	CO	2017-01-31	Madrid	America/Bogota
-91.58045	41.6764	US	11/01/2017, 00:00:00	Coralville	America/Chicago
-42.98194	-22.53722	BR	2025/07/07	Guapimirim	America/Sao_Paulo
-104.22884	32.42067	US	19 Mar 2020	Carlsbad	America/Denver
-86.57415	15.48131	HN	2021/04/26	Olanchito	America/Tegucigalpa
14.317466	48.812737	CZ	09/10/2022, 00:00:00	Český Krumlov	Europe/Prague
47.1192	42.819	RU	09/20/2021, 00:00:00	Buynaksk	Europe/Moscow
-88.42814	42.16808	US	2018/03/25	Huntley	America/Chicago
-117.29198	33.03699	US	2023/02/17	Encinitas	America/Los_Angeles
122.9666	10.7375	PH	26 May 2018	Talisay	Asia/Manila
-111.99633	40.65995	US	12 Nov 2015	Kearns	America/Denver
-71.05977	42.35843	US	2022-05-16	Boston	America/New_York
126.665	36.6009	KR	2024/02/26	Hongseong	Asia/Seoul
10.03478	37.16911	TN	2016/12/25	El Alia	Africa/Tunis
18.84	42.28639	ME	2017-06-05	Budva	Europe/Podgorica
47.1192	42.819	RU	2017-08-31	Buynaksk	Europe/Moscow
16.4	48.25	AT	2020-01-11	Floridsdorf	Europe/Vienna
6.9747	50.82709	DE	07/12/2020, 00:00:00	Wesseling	Europe/Berlin
76.92421	60.97944	RU	2016-09-18	Izluchinsk	Asia/Yekaterinburg
102.56365	13.65805	KH	2017/08/26	Paoy Paet	Asia/Phnom_Penh
-82.45426	27.09978	US	05/18/2023, 00:00:00	Venice	America/New_York
4.52514	12.74482	NG	2023-08-07	Argungu	Africa/Lagos
18.28333	59.33333	SE	2021-02-20	Boo	Europe/Stockholm
-2.09814	57.14369	GB	06/04/2025, 00:00:00	Aberdeen	Europe/London
120.56528	14.66	PH	2022/01/17	Pilar	Asia/Manila
-117.79394	33.76446	US	28 May 2019	North Tustin	America/Los_Angeles
135.31667	34.25	JP	2022-08-03	Iwade	Asia/Tokyo
101.96857	4.88441	MY	28 Feb 2016	Gua Musang	Asia/Kuala_Lumpur
11.32903	50.9803	DE	05/05/2025, 00:00:00	Weimar	Europe/Berlin
11.18709	48.73218	DE	05/11/2020, 00:00:00	Neuburg an der Donau	Europe/Berlin
126.28333	45.35	CN	2025-08-09	Shuangcheng	Asia/Shanghai
35.23388	31.78336	PS	01/25/2023, 00:00:00	East Jerusalem	Asia/Hebron
-78.19444	38.91817	US	22 May 2020	Front Royal	America/New_York
65.50917	44.85278	KZ	06/11/2023, 00:00:00	Kyzylorda	Asia/Qyzylorda
76.03889	18.18158	IN	04/11/2023, 00:00:00	Osmanabad	Asia/Kolkata
-120.93549	37.73604	US	25 Aug 2016	Riverbank	America/Los_Angeles
2.18247	41.41204	ES	2016/06/24	el Camp de l'Arpa del Clot	Europe/Madrid
17.4674	50.86079	PL	2024/04/15	Brzeg	Europe/Warsaw
123.33471	8.56697	PH	2017-08-27	Dipolog	Asia/Manila
9.20427	48.49144	DE	03/11/2016, 00:00:00	Reutlingen	Europe/Berlin
16.86194	54.58048	PL	03/03/2024, 00:00:00	Ustka	Europe/Warsaw
-73.95097	40.72371	US	21 Aug 2016	Greenpoint	America/New_York
4.74161	7.62789	NG	02/23/2022, 00:00:00	Ilesa	Africa/Lagos
34.3869	11.8659	SD	2017/03/01	Ar Ruseris	Africa/Khartoum
13.373637	49.738430	CZ	20 Jul 2021	Plzeň	Europe/Prague
18.262524	49.820923	CZ	08/24/2024, 00:00:00	Ostrava	Europe/Prague
8.77069	50.80904	DE	12/09/2020, 00:00:00	Marburg an der Lahn	Europe/Berlin
-89.99038	38.58894	US	09/25/2020, 00:00:00	Fairview Heights	America/Chicago
11.412	45.50369	IT	09/15/2023, 00:00:00	Montecchio Maggiore-Alte Ceccato	Europe/Rome
24.99798	-8.73508	CD	02/24/2024, 00:00:00	Kamina	Africa/Lubumbashi
46.58333	-21.15	MG	2019/05/29	Ikalamavony	Indian/Antananarivo
15.07041	37.49223	IT	2019-06-28	Catania	Europe/Rome
76.03889	18.18158	IN	2025-04-21	Osmanabad	Asia/Kolkata
120.4861	16.0438	PH	07/16/2017, 00:00:00	Manaoag	Asia/Manila
117.27583	35.64889	CN	10/22/2017, 00:00:00	Sishui	Asia/Shanghai
109.05389	-7.51611	ID	2018-08-03	Wangon	Asia/Jakarta
5.22778	51.955	NL	15 Dec 2023	Culemborg	Europe/Amsterdam
7.02238	52.21099	DE	2022-04-16	Gronau	Europe/Berlin
117.63083	35.50056	CN	26 Jul 2020	Pingyi	Asia/Shanghai
9.32241	44.31771	IT	2017/07/04	Chiavari	Europe/Rome
-82.07842	26.91756	US	2020/04/26	Punta Gorda Isles	America/New_York
117.7	35.85	CN	07/04/2018, 00:00:00	Dongdu	Asia/Shanghai
9.00472	4.2475	CM	11/09/2024, 00:00:00	Idenao	Africa/Douala
121.12251	14.62578	PH	04 Apr 2018	Antipolo	Asia/Manila
-74.13653	40.63316	US	11/20/2023, 00:00:00	Port Richmond	America/New_York
104.1451	15.79408	TH	02/21/2020, 00:00:00	Yasothon	Asia/Bangkok
137.23333	35.8	JP	2018/01/08	Gero	Asia/Tokyo
-156.47432	20.88953	US	2023/04/14	Kahului	Pacific/Honolulu
-59.13316	-37.32167	AR	23 Dec 2022	Tandil	America/Argentina/Buenos_Aires
-1.64295	42.8139	ES	03 Nov 2018	Segundo Ensanche	Europe/Madrid
14.72443	36.92574	IT	17 Apr 2020	Ragusa	Europe/Rome
-79.62603	8.88988	PA	10/16/2017, 00:00:00	Veracruz	America/Panama
99.89166	15.46063	TH	05/06/2020, 00:00:00	Thap Than	Asia/Bangkok
101.18445	13.44581	TH	14 Sep 2018	Phanat Nikhom	Asia/Bangkok
6.26764	4.92675	NG	2016/11/23	Yenagoa	Africa/Lagos
122.20488	29.98869	CN	12 Mar 2024	Zhoushan	Asia/Shanghai
102.42587	15.58552	TH	09 Sep 2023	Bua Yai	Asia/Bangkok
83.36889	26.76628	IN	2020/12/20	Gorakhpur	Asia/Kolkata
30.96755	49.07866	UA	17 Feb 2023	Zvenihorodka	Europe/Kyiv
1.04945	35.06544	DZ	2017-08-19	Frenda	Africa/Algiers
-122.2608	38.17492	US	05/15/2021, 00:00:00	American Canyon	America/Los_Angeles
-88.31476	36.61033	US	11/17/2020, 00:00:00	Murray	America/Chicago
35.59642	3.11988	KE	12/27/2021, 00:00:00	Lodwar	Africa/Nairobi
14.72443	36.92574	IT	2019-03-16	Ragusa	Europe/Rome
2.12213	48.8222	FR	2024/09/09	Le Chesnay	Europe/Paris
43.91385	54.03876	RU	08/04/2016, 00:00:00	Kovylkino	Europe/Moscow
112.19028	30.35028	CN	03/05/2017, 00:00:00	Jingzhou	Asia/Shanghai
5.37429	51.03427	BE	02/22/2018, 00:00:00	Houthalen	Europe/Brussels
-1.47217	53.46506	GB	2024/02/18	Chapletown	Europe/London
43.91385	54.03876	RU	05 Jun 2024	Kovylkino	Europe/Moscow
-81.26367	28.90054	US	2019/08/27	Deltona	America/New_York
76.32756	9.57046	IN	2019-11-13	Kalavoor	Asia/Kolkata
-81.23621	33.98154	US	2022-06-15	Lexington	America/New_York
33.34864	46.75451	UA	2021/03/19	Nova Kakhovka	Europe/Kyiv
39.28333	-10.33333	TZ	2019/06/17	Nyangao	Africa/Dar_es_Salaam
122.74754	40.85158	CN	09/21/2016, 00:00:00	Haicheng	Asia/Shanghai
-58.44417	-3.14306	BR	08/19/2024, 00:00:00	Itacoatiara	America/Manaus
136.51667	35	JP	2024-03-25	Komono	Asia/Tokyo
-73.89875	40.93121	US	15 Jul 2022	Yonkers	America/New_York
74.4818	30.21121	IN	2020/06/17	Malaut	Asia/Kolkata
98.6738	3.7278	ID	02/16/2024, 00:00:00	Labuhan Deli	Asia/Jakarta
15.16554	-4.5833	CD	2019-01-17	Kasangulu	Africa/Kinshasa
71.30633	21.34222	IN	2016-10-28	Kundla	Asia/Kolkata
150.60036	-34.88422	AU	2017/04/25	Nowra	Australia/Sydney
-91.06177	33.41012	US	2016/01/28	Greenville	America/Chicago
123.758	10.20898	PH	2022-11-19	Naga	Asia/Manila
20.89389	42.62833	XK	2018/11/09	Glogovac	Europe/Belgrade
4.63031	43.67681	FR	20 Mar 2019	Arles	Europe/Paris
27.46153	-21.44236	BW	29 Aug 2018	Tonota	Africa/Gaborone
3.20639	50.74497	BE	2021/07/30	Mouscron	Europe/Brussels
-68.30472	9.91861	VE	20 Jul 2016	Tinaquillo	America/Caracas
85.37752	22.10194	IN	25 Nov 2019	Barbil	Asia/Kolkata
34.37389	40.1675	TR	2020/03/09	Sungurlu	Europe/Istanbul
-74.28459	40.5576	US	23 Feb 2020	Woodbridge	America/New_York
-53.13722	-22.92306	BR	2024/05/22	Loanda	America/Sao_Paulo
8.55552	40.72586	IT	21 Sep 2016	Sassari	Europe/Rome
17.8031	48.43174	SK	2021/10/08	Hlohovec	Europe/Bratislava
-81.26367	28.90054	US	2019/07/28	Deltona	America/New_York
-8.33147	41.20485	PT	2022-07-30	Paredes	Europe/Lisbon
-77.02303	38.70734	US	2022-03-02	Fort Washington	America/New_York
105.75635	10.29085	VN	18 Jun 2020	Sa Dec	Asia/Ho_Chi_Minh
7.02238	52.21099	DE	2018/06/21	Gronau	Europe/Berlin
75.35927	12.04161	IN	2016/11/28	Talipparamba	Asia/Kolkata
37.55	6.03333	ET	2023/06/28	Arba Minch	Africa/Addis_Ababa
-117.54866	33.93113	US	08 Mar 2019	Norco	America/Los_Angeles
-4.21376	55.82885	GB	03 Apr 2019	Rutherglen	Europe/London
75.11937	20.88098	IN	2024/09/25	Parola	Asia/Kolkata
13.63617	50.50301	CZ	05/17/2017, 00:00:00	Most	Europe/Prague
-0.2	51.65	GB	06 Feb 2017	Barnet	Europe/London
60.8019	56.9083	RU	2023/01/22	Beryozovsky	Asia/Yekaterinburg
25.34244	50.75932	UA	2019-06-06	Lutsk	Europe/Kyiv
-91.06177	33.41012	US	2022-02-02	Greenville	America/Chicago
9.22796	48.46458	DE	2018/02/24	Pfullingen	Europe/Berlin
-46.99583	-22.97056	BR	2023-09-20	Valinhos	America/Sao_Paulo
-3.05814	53.00974	GB	10 May 2017	Rhosllanerchrugog	Europe/London
40.74357	37.31309	TR	01/05/2020, 00:00:00	Mardin	Europe/Istanbul
-73.20483	41.16704	US	01/13/2023, 00:00:00	Bridgeport	America/New_York
78.40102	27.9247	IN	31 May 2016	Chharra	Asia/Kolkata
24.95034	60.18427	FI	07/21/2023, 00:00:00	Kallio	Europe/Helsinki
18.28333	59.33333	SE	2020-09-04	Boo	Europe/Stockholm
76.56719	24.41288	IN	2021-02-26	Aklera	Asia/Kolkata
38.12408	53.77166	RU	2018/06/09	Bogoroditsk	Europe/Moscow
-71.29144	41.54566	US	03 Nov 2015	Middletown	America/New_York
-73.25383	-3.74912	PE	2025-02-27	Iquitos	America/Lima
6.74549	49.5099	DE	10/18/2019, 00:00:00	Losheim	Europe/Berlin
-9.24671	38.72706	PT	01/01/2016, 00:00:00	Carnaxide	Europe/Lisbon
38.16694	54.84444	RU	12/25/2024, 00:00:00	Kashira	Europe/Moscow
19.61222	44.97639	RS	23 Aug 2016	Sremska Mitrovica	Europe/Belgrade
144.23058	-5.85746	PG	2024-01-11	Mount Hagen	Pacific/Port_Moresby
86.00214	46.51872	CN	27 May 2016	Hoxtolgay	Asia/Urumqi
1.04945	35.06544	DZ	2024-03-15	Frenda	Africa/Algiers
-70.6996	-33.59217	CL	01/15/2020, 00:00:00	San Bernardo	America/Santiago
-58.38341	-34.64966	AR	2016-08-20	Barracas	America/Argentina/Buenos_Aires
86.79271	25.92127	IN	11 Apr 2018	Madhipura	Asia/Kolkata
71.57118	32.87533	PK	2023-05-17	Daud Khel	Asia/Karachi
43.91385	54.03876	RU	08 Mar 2017	Kovylkino	Europe/Moscow
104.1451	15.79408	TH	08/04/2021, 00:00:00	Yasothon	Asia/Bangkok
4.08282	36.61954	DZ	2020/05/07	Beni Douala	Africa/Algiers
4.62744	36.06386	DZ	2022-10-04	El Achir	Africa/Algiers
17.250879	49.593777	CZ	2023/08/22	Olomouc	Europe/Prague
-113.3187	53.51684	CA	01 May 2021	Sherwood Park	America/Edmonton
18.69303	12.18441	TD	2025/03/31	Mongo	Africa/Ndjamena
-102.04897	19.64745	MX	2023-12-03	Paracho de Verduzco	America/Mexico_City
145.06667	-37.88333	AU	12/11/2019, 00:00:00	Carnegie	Australia/Melbourne
113.82465	23.29549	CN	26 Apr 2018	Licheng	Asia/Shanghai
15.87735	4.94273	CF	2020-07-08	Carnot	Africa/Bangui
18.262524	49.820923	CZ	07/09/2025, 00:00:00	Ostrava	Europe/Prague
-2.1875	51.26	GB	10/08/2020, 00:00:00	Westbury	Europe/London
29.91582	31.20176	EG	2018-04-27	Alexandria	Africa/Cairo
103.65309	16.0567	TH	15 Sep 2023	Roi Et	Asia/Bangkok
114.33333	-8.43333	ID	29 Dec 2017	Muncar	Asia/Jakarta
68.49143	25.80565	PK	18 Mar 2017	Bhit Shah	Asia/Karachi
122.74754	40.85158	CN	2024/01/22	Haicheng	Asia/Shanghai
39.25	-6.8	TZ	05/23/2016, 00:00:00	Magomeni	Africa/Dar_es_Salaam
20.91361	41.92361	MK	17 Jun 2016	Bogovinje	Europe/Skopje
-74.13653	40.63316	US	2023/09/09	Port Richmond	America/New_York
-60.93173	-31.4488	AR	2025-04-20	Esperanza	America/Argentina/Cordoba
111.73861	35.20889	CN	13 Aug 2025	Changzhi	Asia/Shanghai
5.55575	46.67535	FR	2022/03/10	Lons-le-Saunier	Europe/Paris
-95.30106	32.35126	US	06/12/2017, 00:00:00	Tyler	America/Chicago
-74.73584	5.20856	CO	01 Mar 2021	Honda	America/Bogota
109.05389	-7.51611	ID	01/09/2020, 00:00:00	Wangon	Asia/Jakarta
76.35484	10.10649	IN	2023-05-28	Alwaye	Asia/Kolkata
-117.14392	32.9156	US	2022-07-25	Mira Mesa	America/Los_Angeles
-156.47432	20.88953	US	2019/04/21	Kahului	Pacific/Honolulu
70.91106	29.38242	PK	2016-11-16	Alipur	Asia/Karachi
-48.62789	-17.74431	BR	2015/11/30	Caldas Novas	America/Sao_Paulo
11.18709	48.73218	DE	2021/12/07	Neuburg an der Donau	Europe/Berlin
88.28637	23.07492	IN	2022/10/24	Pandua	Asia/Kolkata
-0.18333	38.96667	ES	2019/09/02	Gandia	Europe/Madrid
-43.80139	-20.25333	BR	2019-10-31	Itabirito	America/Sao_Paulo
-96.39774	30.16688	US	2025-04-05	Brenham	America/Chicago
78.27539	12.95629	IN	26 Feb 2025	Robertsonpet	Asia/Kolkata
14.72443	36.92574	IT	2021/06/10	Ragusa	Europe/Rome
24.75	55.25	LT	04/18/2019, 00:00:00	Ukmerge	Europe/Vilnius
-86.19903	11.84962	NI	02/01/2022, 00:00:00	Jinotepe	America/Managua
9.5586	54.52156	DE	02/07/2025, 00:00:00	Schleswig	Europe/Berlin
30.98551	2.41669	UG	12/21/2021, 00:00:00	Paidha	Africa/Kampala
109.05389	-7.51611	ID	2019/12/20	Wangon	Asia/Jakarta
-117.29198	33.03699	US	2020/06/01	Encinitas	America/Los_Angeles
8.73812	41.91886	FR	06/13/2023, 00:00:00	Ajaccio	Europe/Paris
-65.71875	-21.44345	BO	19 Aug 2023	Tupiza	America/La_Paz
9.02596	48.21644	DE	2022-01-09	Albstadt	Europe/Berlin
-5.55835	42.64685	ES	20 Sep 2019	Villaquilambre	Europe/Madrid
76.11996	11.12018	IN	2022-12-21	Manjeri	Asia/Kolkata
15.006139	49.144482	CZ	2022-08-28	Jindřichův Hradec	Europe/Prague
43.38531	9.89206	SO	11 Feb 2017	Baki	Africa/Mogadishu
32.86389	53.95278	RU	2025-01-05	Roslavl‚Äô	Europe/Moscow
139.6853	35.815	JP	2022-06-05	Shimotoda	Asia/Tokyo
76.12647	32.55531	IN	2018/09/27	Chamba	Asia/Kolkata
86.59611	25.87498	IN	2015/10/18	Saharsa	Asia/Kolkata
71.67164	30.29184	PK	05/22/2022, 00:00:00	Qadirpur Ran	Asia/Karachi
123.758	10.20898	PH	2023-03-27	Naga	Asia/Manila
9.32241	44.31771	IT	05 Mar 2022	Chiavari	Europe/Rome
-74.95472	10.98778	CO	2021/06/01	Puerto Colombia	America/Bogota
-76.51552	39.32011	US	10/15/2020, 00:00:00	Rosedale	America/New_York
-121.74052	38.54491	US	07 Sep 2024	Davis	America/Los_Angeles
-88.31476	36.61033	US	17 Apr 2016	Murray	America/Chicago
71.67164	30.29184	PK	2016/01/06	Qadirpur Ran	Asia/Karachi
-60.47389	-34.64167	AR	2023-02-12	Chacabuco	America/Argentina/Buenos_Aires
-119.0376	34.21639	US	26 Sep 2018	Camarillo	America/Los_Angeles
-5.53715	50.11861	GB	2024/11/12	Penzance	Europe/London
-73.86586	45.43341	CA	09/02/2019, 00:00:00	Beaconsfield	America/Toronto
8.96317	48.35149	DE	2017/03/30	Hechingen	Europe/Berlin
137.02166	35.48199	JP	09/29/2017, 00:00:00	Minokamo	Asia/Tokyo
-100.88023	20.21322	MX	08/09/2022, 00:00:00	Salvatierra	America/Mexico_City
4.52514	12.74482	NG	09 Aug 2020	Argungu	Africa/Lagos
27.25	42.7	BG	23 Apr 2020	Aytos	Europe/Sofia
-98.15529	26.18924	US	2018-12-26	San Juan	America/Chicago
-72.97261	43.61062	US	10 Aug 2019	Rutland	America/New_York
34.34691	61.78491	RU	10/07/2020, 00:00:00	Petrozavodsk	Europe/Moscow
-67.15407	18.42745	PR	2018-10-01	Aguadilla	America/Puerto_Rico
-90.10674	29.84576	US	2015/11/04	Estelle	America/Chicago
13.10984	51.30001	DE	12/13/2017, 00:00:00	Oschatz	Europe/Berlin
144.23058	-5.85746	PG	2019-09-15	Mount Hagen	Pacific/Port_Moresby
29.00974	-24.19436	ZA	2021/04/26	Mokopane	Africa/Johannesburg
75.11937	20.88098	IN	01 Dec 2024	Parola	Asia/Kolkata
-71.23106	-32.45242	CL	08/01/2017, 00:00:00	La Ligua	America/Santiago
135.31667	34.25	JP	04/13/2025, 00:00:00	Iwade	Asia/Tokyo
-80.08199	35.88264	US	2018/07/16	Thomasville	America/New_York
-61.51889	10.66668	TT	2016/11/10	Port of Spain	America/Port_of_Spain
-77.55777	37.52487	US	2019/12/10	Bon Air	America/New_York
68.21204	27.55898	PK	2020-02-18	Larkana	Asia/Karachi
106.85417	-6.48167	ID	20 Mar 2022	Cibinong	Asia/Jakarta
86.00214	46.51872	CN	05/07/2022, 00:00:00	Hoxtolgay	Asia/Urumqi
-87.93341	42.55308	US	04/03/2016, 00:00:00	Pleasant Prairie	America/Chicago
121.3152	14.14989	PH	09/10/2022, 00:00:00	Calauan	Asia/Manila
28.28489	48.15659	MD	26 Jul 2017	Soroca	Europe/Chisinau
112.73333	38.40917	CN	2016-09-10	Xinzhou	Asia/Shanghai
-0.59543	44.80477	FR	2024-01-03	Talence	Europe/Paris
10.18003	24.96334	LY	24 Apr 2018	Ghat	Africa/Tripoli
8.91229	49.13645	DE	2018/07/11	Eppingen	Europe/Berlin
-71.10077	18.20854	DO	2019/07/26	Santa Cruz de Barahona	America/Santo_Domingo
110.8405	-6.8048	ID	17 Sep 2016	Kudus	Asia/Jakarta
-1.29243	53.49389	GB	06/16/2020, 00:00:00	Mexborough	Europe/London
-75.69947	8.79577	CO	2024-04-09	San Carlos	America/Bogota
6.8625	51.47805	DE	09/23/2022, 00:00:00	Oberhausen	Europe/Berlin
14.317466	48.812737	CZ	2016-09-30	Český Krumlov	Europe/Prague
-96.67834	34.77453	US	06/13/2025, 00:00:00	Ada	America/Chicago
-83.2321	33.08014	US	2024/06/17	Milledgeville	America/New_York
120.4861	16.0438	PH	2024/12/23	Manaoag	Asia/Manila
117.63083	35.50056	CN	2020/12/27	Pingyi	Asia/Shanghai
70.96699	30.46907	PK	02 Jul 2019	Kot Addu	Asia/Karachi
4.7934	45.69558	FR	2020/09/05	Saint-Genis-Laval	Europe/Paris
111.4834	65.93381	RU	2020/06/18	Aykhal	Asia/Yakutsk
12.70038	45.9836	IT	29 Mar 2022	Cordenons	Europe/Rome
31.3237	52.4089	BY	2021/10/27	Dobrush	Europe/Minsk
-95.63079	31.76212	US	2016-08-04	Palestine	America/Chicago
-78.19444	38.91817	US	2023-08-29	Front Royal	America/New_York
-1.47217	53.46506	GB	06/12/2024, 00:00:00	Chapletown	Europe/London
12.16179	48.52961	DE	2024/02/21	Landshut	Europe/Berlin
65.93249	36.21544	AF	2024/07/29	Sar-e Pul	Asia/Kabul
114.68333	23.73333	CN	2016-09-23	Heyuan	Asia/Shanghai
1.33467	43.61058	FR	24 Jul 2019	Colomiers	Europe/Paris
37.56667	55.85	RU	2017/08/04	Likhobory	Europe/Moscow
120.33063	37.65181	CN	2022/07/03	Longgang	Asia/Shanghai
44.53333	-22.9	MG	04 Dec 2016	Sakaraha	Indian/Antananarivo
102.56365	13.65805	KH	05/14/2019, 00:00:00	Paoy Paet	Asia/Phnom_Penh
35.23388	31.78336	PS	09/30/2020, 00:00:00	East Jerusalem	Asia/Hebron
-2.68333	43.31667	ES	2018/11/18	Gernika-Lumo	Europe/Madrid
123.758	10.20898	PH	2020-06-03	Naga	Asia/Manila
-72.22625	18.57677	HT	05 Sep 2018	Croix-des-Bouquets	America/Port-au-Prince
100.24529	5.4709	MY	26 Jul 2016	Batu Feringgi	Asia/Kuala_Lumpur
37.92792	53.93361	RU	08 Oct 2022	Kireyevsk	Europe/Moscow
5.06258	7.50251	NG	05 Apr 2018	Igbara-Odo	Africa/Lagos
38.01667	-5.41667	TZ	2017-02-05	Chanika	Africa/Dar_es_Salaam
128.9889	37.1759	KR	12/19/2016, 00:00:00	T‚Äôaebaek	Asia/Seoul
17.80774	40.55851	IT	13 Jul 2016	Mesagne	Europe/Rome
5.37429	51.03427	BE	2021/11/07	Houthalen	Europe/Brussels
75.35927	12.04161	IN	09/24/2021, 00:00:00	Talipparamba	Asia/Kolkata
-15.6	13.56667	GM	09 Aug 2019	Farafenni	Africa/Banjul
117.27583	35.64889	CN	2021-08-29	Sishui	Asia/Shanghai
13.31783	52.61131	DE	2017-06-01	Hermsdorf	Europe/Berlin
-118.25508	34.14251	US	09/24/2020, 00:00:00	Glendale	America/Los_Angeles
-4.22398	57.47908	GB	2017/03/03	Inverness	Europe/London
125.21972	-8.99167	TL	2019-07-04	Maliana	Asia/Dili
137.23333	35.8	JP	24 Jun 2024	Gero	Asia/Tokyo
-1.08593	50.79205	GB	2020-08-30	Southsea	Europe/London
7.02238	52.21099	DE	05 Jul 2021	Gronau	Europe/Berlin
-102.36764	31.84568	US	2025-09-23	Odessa	America/Chicago
2.35739	41.63976	ES	06 Jul 2019	Cardedeu	Europe/Madrid
145.18333	-37.9	AU	21 Sep 2016	Wheelers Hill	Australia/Melbourne
123.99333	12.97389	PH	14 May 2019	Sorsogon	Asia/Manila
140.72287	53.14657	RU	2020-01-05	Nikolayevsk-on-Amure	Asia/Vladivostok
-91.06177	33.41012	US	2021-01-07	Greenville	America/Chicago
128.62667	34.8825	KR	10/27/2016, 00:00:00	Sinhyeon	Asia/Seoul
-117.23991	47.64995	US	2016-03-18	Opportunity	America/Los_Angeles
43.63417	43.96222	RU	2018/08/26	Novopavlovsk	Europe/Moscow
25.8191	53.5942	BY	2016/01/26	Novogrudok	Europe/Minsk
-65.71875	-21.44345	BO	03/30/2024, 00:00:00	Tupiza	America/La_Paz
-88.42814	42.16808	US	10/02/2018, 00:00:00	Huntley	America/Chicago
-65.71875	-21.44345	BO	2020-12-28	Tupiza	America/La_Paz
0.57856	40.70995	ES	2017-03-02	Amposta	Europe/Madrid
113.69785	-7.73379	ID	2018/10/27	Besuki	Asia/Jakarta
-13.2356	8.48714	SL	2020-12-10	Freetown	Africa/Freetown
15.07041	37.49223	IT	04/05/2020, 00:00:00	Catania	Europe/Rome
-96.72365	17.06542	MX	2017-09-09	Oaxaca	America/Mexico_City
7.02238	52.21099	DE	11/21/2019, 00:00:00	Gronau	Europe/Berlin
-52.35558	-14.66463	BR	2023-10-19	Nova Xavantina	America/Cuiaba
-91.58045	41.6764	US	2020-11-29	Coralville	America/Chicago
120.4861	16.0438	PH	2016-04-24	Manaoag	Asia/Manila
120.97844	14.8361	PH	06 Oct 2021	Guyong	Asia/Manila
-83.48216	42.30865	US	2024-09-16	Canton	America/Detroit
117.33333	34.85	CN	16 Dec 2015	Taozhuang	Asia/Shanghai
5.4384	43.2907	FR	2020-09-14	Marseille 11	Europe/Paris
77.23826	11.50526	IN	11 Nov 2020	Sathyamangalam	Asia/Kolkata
15.28318	-4.26613	CG	24 Dec 2017	Brazzaville	Africa/Brazzaville
128.62667	34.8825	KR	2018/09/10	Sinhyeon	Asia/Seoul
11.412	45.50369	IT	04/04/2022, 00:00:00	Montecchio Maggiore-Alte Ceccato	Europe/Rome
29.24152	-26.93366	ZA	2020/11/24	Standerton	Africa/Johannesburg
-88.64235	46.09273	US	31 Jan 2022	Iron River	America/Menominee
-76.43941	39.33427	US	2023-11-28	Middle River	America/New_York
2.12213	48.8222	FR	2025/01/14	Le Chesnay	Europe/Paris
6.26764	4.92675	NG	08 Feb 2020	Yenagoa	Africa/Lagos
1.15597	51.78967	GB	2023-11-04	Clacton-on-Sea	Europe/London
15.006139	49.144482	CZ	05 Aug 2021	Jindřichův Hradec	Europe/Prague
-73.99681	40.94065	US	05 Feb 2023	Dumont	America/New_York
-73.9625	40.81	US	2025/08/03	Morningside Heights	America/New_York
10.7	4.96667	CM	2017/01/20	Tonga	Africa/Douala
-97.92977	38.06084	US	2024/01/09	Hutchinson	America/Chicago
55.4504	-20.88231	RE	2020-07-20	Saint-Denis	Indian/Reunion
-69.08333	-16.25	PE	22 Feb 2023	Yunguyo	America/Lima
-105.36369	22.49396	MX	2016/02/10	Acaponeta	America/Mazatlan
-73.58248	45.40008	CA	24 Jan 2016	Sainte-Catherine	America/Toronto
34.37389	40.1675	TR	2023-06-23	Sungurlu	Europe/Istanbul
113.13148	23.02677	CN	07/08/2017, 00:00:00	Foshan	Asia/Shanghai
-74.01042	41.50343	US	2024-11-20	Newburgh	America/New_York
18.84	42.28639	ME	28 Feb 2022	Budva	Europe/Podgorica
-3.53261	40.42386	ES	30 Dec 2020	San Fernando de Henares	Europe/Madrid
85.4265	55.8736	RU	11/23/2017, 00:00:00	Yashkino	Asia/Novokuznetsk
109.22921	34.65918	CN	2023/08/21	Yanliang	Asia/Shanghai
125.21972	-8.99167	TL	2020/02/09	Maliana	Asia/Dili
-71.10077	18.20854	DO	06/07/2016, 00:00:00	Santa Cruz de Barahona	America/Santo_Domingo
-75.11028	-15.21194	PE	11/05/2024, 00:00:00	Minas de Marcona	America/Lima
3.50309	34.15429	DZ	02 Dec 2019	Messaad	Africa/Algiers
-87.66561	41.8542	US	01/29/2016, 00:00:00	Lower West Side	America/Chicago
117.33333	34.85	CN	27 Dec 2020	Taozhuang	Asia/Shanghai
85.4265	55.8736	RU	2023-09-28	Yashkino	Asia/Novokuznetsk
77.23826	11.50526	IN	10 Oct 2023	Sathyamangalam	Asia/Kolkata
-48.52333	-0.71667	BR	03/31/2024, 00:00:00	Soure	America/Belem
120.14278	32.50611	CN	2021-05-02	Jiangyan	Asia/Shanghai
34.86563	31.92923	IL	2024/05/04	Ramla	Asia/Jerusalem
0.75	52.41667	GB	18 May 2024	Thetford	Europe/London
-51.87389	-23.44361	BR	2025/01/04	Sarandi	America/Sao_Paulo
77.5609	11.00599	IN	08/12/2016, 00:00:00	Kangayam	Asia/Kolkata
124.3697	9.6531	PH	2016-03-28	Jagna	Asia/Manila
12.19458	10.61285	NG	04/01/2022, 00:00:00	Biu	Africa/Lagos
-4.21376	55.82885	GB	2019/11/06	Rutherglen	Europe/London
129.96972	33.4425	JP	2022/03/02	Karatsu	Asia/Tokyo
69.49015	56.11281	RU	03/17/2016, 00:00:00	Ishim	Asia/Yekaterinburg
14.418540	50.073658	CZ	2016/03/12	Praha	Europe/Prague
14.34085	40.87363	IT	2024/10/17	Volla	Europe/Rome
-120.00865	46.32374	US	04/01/2016, 00:00:00	Sunnyside	America/Los_Angeles
112.01667	-7.81667	ID	2022-10-03	Kediri	Asia/Jakarta
13.610242	50.598427	CZ	02/04/2024, 00:00:00	Litvínov	Europe/Prague
-48.29694	-20.87306	BR	13 Sep 2016	Viradouro	America/Sao_Paulo
-80.08199	35.88264	US	2024/02/13	Thomasville	America/New_York
-117.29198	33.03699	US	03 Jul 2022	Encinitas	America/Los_Angeles
39.25	-6.8	TZ	17 Sep 2024	Magomeni	Africa/Dar_es_Salaam
75.96976	15.73628	IN	13 Feb 2017	Gajendragarh	Asia/Kolkata
-42.29444	-4.24444	BR	2021/06/23	Barras	America/Fortaleza
5.22778	51.955	NL	2016/10/04	Culemborg	Europe/Amsterdam
13.58357	-1.63333	GA	12 Feb 2018	Franceville	Africa/Libreville
-53.13722	-22.92306	BR	23 Sep 2017	Loanda	America/Sao_Paulo
35.7	-7.76667	TZ	01 Mar 2023	Iringa	Africa/Dar_es_Salaam
-82.46148	28.15112	US	2019/07/23	Lutz	America/New_York
-75.23266	43.1009	US	01/01/2017, 00:00:00	Utica	America/New_York
-65.71875	-21.44345	BO	2020/03/05	Tupiza	America/La_Paz
14.66737	41.55947	IT	2025-06-30	Campobasso	Europe/Rome
43.63417	43.96222	RU	2023-09-06	Novopavlovsk	Europe/Moscow
72.68533	22.75218	IN	2020/11/16	Kheda	Asia/Kolkata
38.07083	54.90083	RU	26 Jun 2019	Stupino	Europe/Moscow
121.06761	12.35275	PH	04/05/2022, 00:00:00	San Jose	Asia/Manila
-39.25	-12.91667	BR	12/03/2016, 00:00:00	Muritiba	America/Bahia
18.30056	50.5107	PL	2019/01/16	Strzelce Opolskie	Europe/Warsaw
-8.2503	37.08819	PT	2016/10/21	Albufeira	Europe/Lisbon
13.28702	52.4581	DE	2016-07-28	Dahlem	Europe/Berlin
1.04945	35.06544	DZ	2017/08/17	Frenda	Africa/Algiers
-73.49484	41.14676	US	05 Sep 2016	New Canaan	America/New_York
38.01667	-5.41667	TZ	2021-06-02	Chanika	Africa/Dar_es_Salaam
32.86389	53.95278	RU	2023-11-26	Roslavl‚Äô	Europe/Moscow
35.90057	56.85836	RU	2017-10-04	Tver	Europe/Moscow
51.3452	53.37596	RU	2017/07/04	Otradnyy	Europe/Samara
8.77069	50.80904	DE	14 Nov 2015	Marburg an der Lahn	Europe/Berlin
112.01667	-7.81667	ID	01 Mar 2016	Kediri	Asia/Jakarta
15.28318	-4.26613	CG	2016/05/27	Brazzaville	Africa/Brazzaville
126.665	36.6009	KR	11/05/2020, 00:00:00	Hongseong	Asia/Seoul
19.61222	44.97639	RS	2018-05-27	Sremska Mitrovica	Europe/Belgrade
-111.89903	33.50921	US	09/28/2024, 00:00:00	Scottsdale	America/Phoenix
120.33063	37.65181	CN	2018-06-18	Longgang	Asia/Shanghai
16.86194	54.58048	PL	07/05/2020, 00:00:00	Ustka	Europe/Warsaw
117.55417	34.86472	CN	2023/03/20	Zaozhuang	Asia/Shanghai
-105.11221	39.57582	US	06 Mar 2023	Ken Caryl	America/Denver
40.74357	37.31309	TR	2018-11-10	Mardin	Europe/Istanbul
-52.35558	-14.66463	BR	09/10/2022, 00:00:00	Nova Xavantina	America/Cuiaba
-63.13414	46.23899	CA	2025-04-15	Charlottetown	America/Halifax
16.91667	-21.98333	NA	2023-02-20	Okahandja	Africa/Windhoek
-89.71472	13.73417	SV	2021/05/06	Sonzacate	America/El_Salvador
18.84	42.28639	ME	2016-01-15	Budva	Europe/Podgorica
59.4839	58.7002	RU	26 Dec 2023	Kachkanar	Asia/Yekaterinburg
-40.7475	-4.16694	BR	07/17/2016, 00:00:00	Guaraciaba do Norte	America/Fortaleza
103.6032	1.6561	MY	2020/12/17	Kulai	Asia/Kuala_Lumpur
73.38333	31.71667	PK	03/22/2020, 00:00:00	Sangla Hill	Asia/Karachi
35.96944	56.03361	RU	08 Jul 2023	Volokolamsk	Europe/Moscow
99.96667	8.43333	TH	14 Jun 2024	Nakhon Si Thammarat	Asia/Bangkok
-47.1725	-22.57306	BR	2020-04-15	Artur Nogueira	America/Sao_Paulo
124.84472	10.13361	PH	2022-09-22	Maasin	Asia/Manila
30.2049	55.1904	BY	2017/05/02	Vitebsk	Europe/Minsk
103.81667	1.6	MY	2018/07/31	Ulu Tiram	Asia/Kuala_Lumpur
-2.58736	56.56317	GB	06/06/2022, 00:00:00	Arbroath	Europe/London
4.92235	7.65649	NG	09/23/2024, 00:00:00	Efon-Alaaye	Africa/Lagos
124.84472	10.13361	PH	2016/07/09	Maasin	Asia/Manila
20.22625	30.75545	LY	2024/06/03	Ajdabiya	Africa/Tripoli
15.07041	37.49223	IT	2018/02/20	Catania	Europe/Rome
11.18709	48.73218	DE	2023/08/13	Neuburg an der Donau	Europe/Berlin
101.44167	0.51667	ID	29 Sep 2018	Pekanbaru	Asia/Jakarta
70.96699	30.46907	PK	2024/11/25	Kot Addu	Asia/Karachi
-74.73584	5.20856	CO	2016/06/25	Honda	America/Bogota
15.00835	51.14942	PL	08/22/2021, 00:00:00	Zgorzelec	Europe/Warsaw
34.37389	40.1675	TR	17 Jan 2024	Sungurlu	Europe/Istanbul
9.0027	11.86064	NG	2015-11-01	Gaya	Africa/Lagos
7.20769	50.80019	DE	2018-01-08	Siegburg	Europe/Berlin
135.6	34.61667	JP	09/22/2017, 00:00:00	Yao	Asia/Tokyo
3.47717	36.76639	DZ	16 Jan 2016	Boumerdas	Africa/Algiers
83.62389	53.30972	RU	2019-11-23	Novosilikatnyy	Asia/Barnaul
-1.32471	51.40148	GB	19 Feb 2024	Newbury	Europe/London
-59.13316	-37.32167	AR	04/14/2022, 00:00:00	Tandil	America/Argentina/Buenos_Aires
85.37752	22.10194	IN	11/03/2020, 00:00:00	Barbil	Asia/Kolkata
-42.19667	-21.41222	BR	2019/06/22	Miracema	America/Sao_Paulo
122.05228	37.19723	CN	10 Oct 2017	Tianfu	Asia/Shanghai
11.412	45.50369	IT	25 Sep 2015	Montecchio Maggiore-Alte Ceccato	Europe/Rome
25.34244	50.75932	UA	2024-01-13	Lutsk	Europe/Kyiv
24.43973	0.76755	CD	05/31/2023, 00:00:00	Yangambi	Africa/Lubumbashi
140.11667	37.56667	JP	2019-03-01	Inawashiro	Asia/Tokyo
-91.11667	14.93333	GT	2024-01-09	Chichicastenango	America/Guatemala
-118.25508	34.14251	US	12/29/2022, 00:00:00	Glendale	America/Los_Angeles
74.83554	14.62072	IN	29 Nov 2015	Sirsi	Asia/Kolkata
-1.29243	53.49389	GB	27 Aug 2020	Mexborough	Europe/London
9.29109	45.39402	IT	29 Mar 2020	San Giuliano Milanese	Europe/Rome
-73.81669	45.44868	CA	2024/08/04	Pointe-Claire	America/Toronto
26.01649	44.43579	RO	2025-07-14	Sector 6	Europe/Bucharest
-6.03731	37.35813	ES	2024-06-07	San Juan de Aznalfarache	Europe/Madrid
-97.03285	47.92526	US	28 May 2023	Grand Forks	America/Chicago
-61.51889	10.66668	TT	2018-02-12	Port of Spain	America/Port_of_Spain
-80.22588	26.2173	US	2020-04-02	North Lauderdale	America/New_York
-94.91386	17.94979	MX	2024/05/23	Acayucan	America/Mexico_City
88.18466	22.19303	IN	2016-08-21	Diamond Harbour	Asia/Kolkata
-75.64963	40.24537	US	05/31/2023, 00:00:00	Pottstown	America/New_York
-74.13653	40.63316	US	23 May 2016	Port Richmond	America/New_York
-0.29825	51.39148	GB	03/30/2024, 00:00:00	Surbiton	Europe/London
30.28491	60.02427	RU	2020-10-28	Kolomyagi	Europe/Moscow
4.62744	36.06386	DZ	04 Jun 2018	El Achir	Africa/Algiers
-122.39168	40.58654	US	2023-04-24	Redding	America/Los_Angeles
-52.67056	-26.22861	BR	04 Sep 2025	Pato Branco	America/Sao_Paulo
69.67639	41.29444	UZ	2025/05/03	Parkent	Asia/Tashkent
16.54165	68.79833	NO	2022-05-16	Harstad	Europe/Oslo
33	-2.68333	TZ	06/07/2020, 00:00:00	Usagara	Africa/Dar_es_Salaam
122.74754	40.85158	CN	2022/07/11	Haicheng	Asia/Shanghai
-111.99633	40.65995	US	2025-01-18	Kearns	America/Denver
-80.08199	35.88264	US	02/18/2023, 00:00:00	Thomasville	America/New_York
-35.71667	-8.66667	BR	2018/05/17	Catende	America/Recife
-71.10077	18.20854	DO	2016-08-05	Santa Cruz de Barahona	America/Santo_Domingo
100.48528	14.37395	TH	12 May 2019	Bang Ban	Asia/Bangkok
-69.96533	43.91452	US	2017/07/26	Brunswick	America/New_York
47.3799	33.14447	IR	03/19/2022, 00:00:00	Darreh Shahr	Asia/Tehran
9.32241	44.31771	IT	08/03/2025, 00:00:00	Chiavari	Europe/Rome
15.46667	47.05	AT	06/03/2017, 00:00:00	Sankt Peter	Europe/Vienna
83.62389	53.30972	RU	02/28/2020, 00:00:00	Novosilikatnyy	Asia/Barnaul
-72.09391	18.65297	HT	2021-09-21	Thomazeau	America/Port-au-Prince
-1.08593	50.79205	GB	11/11/2021, 00:00:00	Southsea	Europe/London
12.6723	41.72063	IT	2017-10-04	Ariccia	Europe/Rome
-76.78319	18.00747	JM	12/21/2024, 00:00:00	New Kingston	America/Jamaica
120.74792	41.09822	CN	2023-05-04	Nanpiao	Asia/Shanghai
2.29026	48.77644	FR	2015-11-12	Sceaux	Europe/Paris
4.7934	45.69558	FR	2017-06-22	Saint-Genis-Laval	Europe/Paris
72.34424	40.78206	UZ	02/14/2018, 00:00:00	Andijon	Asia/Tashkent
-75.69947	8.79577	CO	2023-06-11	San Carlos	America/Bogota
11.32903	50.9803	DE	2021-08-12	Weimar	Europe/Berlin
5.4584	43.32393	FR	2025/05/29	Les Olives	Europe/Paris
103.6032	1.6561	MY	2022/06/12	Kulai	Asia/Kuala_Lumpur
138.31667	36.65	JP	2018-07-10	Suzaka	Asia/Tokyo
-1.06667	53.78333	GB	10/30/2017, 00:00:00	Selby	Europe/London
35.7	-7.76667	TZ	06 Oct 2017	Iringa	Africa/Dar_es_Salaam
-89.10944	13.70167	SV	2016-08-18	Ilopango	America/El_Salvador
14.317466	48.812737	CZ	26 Mar 2019	Český Krumlov	Europe/Prague
20.22625	30.75545	LY	2024/02/23	Ajdabiya	Africa/Tripoli
-8.07257	12.74409	ML	2023-07-22	Kati	Africa/Bamako
2.29026	48.77644	FR	26 Jun 2023	Sceaux	Europe/Paris
-93.71133	41.57721	US	2016/02/02	West Des Moines	America/Chicago
1.04945	35.06544	DZ	31 Oct 2017	Frenda	Africa/Algiers
107.60389	-7.01833	ID	2016/04/07	Pameungpeuk	Asia/Jakarta
71.30633	21.34222	IN	2016/07/28	Kundla	Asia/Kolkata
78.27539	12.95629	IN	26 Feb 2022	Robertsonpet	Asia/Kolkata
4.69889	50.56149	BE	2017/12/28	Gembloux	Europe/Brussels
20.91361	41.92361	MK	29 Jun 2017	Bogovinje	Europe/Skopje
5.22778	51.955	NL	2024-02-14	Culemborg	Europe/Amsterdam
2.25	50.75	FR	2021/06/22	Saint-Omer	Europe/Paris
-70.20749	8.62261	VE	2025-08-18	Barinas	America/Caracas
129.96972	33.4425	JP	2023/05/16	Karatsu	Asia/Tokyo
-52.35558	-14.66463	BR	2021/08/13	Nova Xavantina	America/Cuiaba
44.02488	32.61603	IQ	26 Jan 2016	Karbala	Asia/Baghdad
